grp_activation_accelerator_Pipeline_VITIS_LOOP_144_15_fu_214,VITIS_LOOP_144_1,upc_loop_status1.csv
grp_activation_accelerator_Pipeline_VITIS_LOOP_144_14_fu_222,VITIS_LOOP_144_1,upc_loop_status2.csv
grp_activation_accelerator_Pipeline_VITIS_LOOP_144_13_fu_230,VITIS_LOOP_144_1,upc_loop_status3.csv
grp_activation_accelerator_Pipeline_VITIS_LOOP_144_12_fu_238,VITIS_LOOP_144_1,upc_loop_status4.csv
grp_activation_accelerator_Pipeline_VITIS_LOOP_144_1_fu_258,VITIS_LOOP_144_1,upc_loop_status5.csv
grp_activation_accelerator_Pipeline_VITIS_LOOP_144_11_fu_266,VITIS_LOOP_144_1,upc_loop_status6.csv
grp_activation_accelerator_Pipeline_VITIS_LOOP_316_6_fu_274,VITIS_LOOP_316_6,upc_loop_status7.csv
grp_activation_accelerator_Pipeline_VITIS_LOOP_185_1_fu_283,VITIS_LOOP_185_1,upc_loop_status8.csv
grp_activation_accelerator_Pipeline_VITIS_LOOP_190_2_fu_289,VITIS_LOOP_190_2,upc_loop_status9.csv
grp_activation_accelerator_Pipeline_VITIS_LOOP_196_3_fu_296,VITIS_LOOP_196_3,upc_loop_status10.csv
grp_activation_accelerator_Pipeline_VITIS_LOOP_170_1_fu_305,VITIS_LOOP_170_1,upc_loop_status11.csv
grp_activation_accelerator_Pipeline_VITIS_LOOP_175_2_fu_311,VITIS_LOOP_175_2,upc_loop_status12.csv
grp_activation_accelerator_Pipeline_VITIS_LOOP_159_1_fu_319,VITIS_LOOP_159_1,upc_loop_status13.csv
grp_activation_accelerator_Pipeline_VITIS_LOOP_151_1_fu_326,VITIS_LOOP_151_1,upc_loop_status14.csv
grp_activation_accelerator_Pipeline_VITIS_LOOP_205_1_fu_333,VITIS_LOOP_205_1,upc_loop_status15.csv
grp_activation_accelerator_Pipeline_VITIS_LOOP_275_3_fu_341,VITIS_LOOP_275_3,seq_loop_status1.csv
grp_activation_accelerator_Pipeline_VITIS_LOOP_275_3_fu_341.grp_bf16add_fu_75,VITIS_LOOP_86_1,seq_loop_status2.csv
grp_activation_accelerator_Pipeline_VITIS_LOOP_262_1_fu_351,VITIS_LOOP_262_1,upc_loop_status16.csv
grp_activation_accelerator_Pipeline_VITIS_LOOP_265_2_fu_360,VITIS_LOOP_265_2,upc_loop_status17.csv
